test_id,test_name,attr_id,attr_name,unique
100441,Lipid Profile Serum (F),102181.0,LDL Cholesterol,['**' '-' '---' '--' '..' '***']
10057,Grouping + Cross Matching + Screening,10429.0,Unit :,['Bag']
10057,Grouping + Cross Matching + Screening,10430.0,Patient's Blood Grouping Report:,['Bag']
10057,Grouping + Cross Matching + Screening,10433.0,Donor  information :,"['Out Blood (QUANTUM)' 'Stock PRBC' 'Stock W/B' 'Out Side Blood'
 'Out Blood' 'Same Donor']"
10057,Grouping + Cross Matching + Screening,10434.0,Donor Name :,"['Mahmudul Hasan' 'Md. Mofizul Islam' 'Saurav Hossain' 'Mohammad ariful'
 'Tafazzal Hossain' 'Kamal Hossain' 'Seyam' 'Sojol' 'Mahbubur Rahman'
 'Abu Raihan' 'Mamunur Rashid' 'Aminur Islam' 'Muzahidul' 'Nur Alom'
 'Khalilur Rahman' 'Nishad Rumman' 'Junaid Hossain' 'Jagadish'
 'Taifur Sharif' 'Koushik Halder' 'Jubair Hosen' 'Md. Ashikullah Sarker'
 'Md. Forhad Mahmud' 'Rokibul Islam' 'Linkon' 'Noyim Uddin' 'Nezam'
 'Nazmul Hossain' 'Muinul Islam' 'Rakib Hasan' 'Md Jabed  Ali'
 'A K M Ahsan Jaman' 'Kazi Faisal' 'Md. Rakibul Islam Shanto' 'Asad'
 'Md Ridwan Tanvir' 'Mahfuzur Rahman' 'Md Bellal' 'Yasmin Begum'
 'Fakrul Abedin' 'Sadzadul Haque' 'Tanvir Ahmed' 'Habibur Rahman' 'Tuhid'
 'Md Monir' 'Mahmudur nabi' 'Emon' 'Shahin Alom' 'Saiful Alom'
 'Dipok Mondol' 'Salauddin Ahmed' 'Moniruzzaman Ripon'
 'Md. Mahabub Rahman' 'Monir' 'Dr. Nandita' 'Md Golam Fahad' 'Md Sabbir'
 'Md Nazmul Hossain' 'Mahbubul Hasan' 'Dr mostafa kamal'
 'Md.Touhidul Islam' 'Arif' 'Mazharul Islam' 'Mitu Gomez' 'Bablu Pranto'
 'Jiaul Kader' 'Nasir Uddin' 'Mijbah Uddin Sarker' 'Tanim Isam'
 'Muhammod Anisul Mowza' 'Ariful Islam Arif' 'Rifat E Ahsara' 'Md Rahat'
 'MD Mehedi Hasan' 'R M Mahmudul Hasan' 'Bappa' 'Saddam Hossen'
 'Md, Rasel' 'Md Maidul Islam Saikat' 'Jannatul Ferdaus'
 'Subha Liana Talukder' 'Azharul Islam' 'Abdul Momen' 'Md Raseduzzaman'
 'Moniruzzaman' 'Shiblu' 'Dr Shibly' 'Naznin' 'Md Ashad'
 'Syed Naushad Zaman' 'A.M Shahrear' 'Shahidul Alom' 'Md Rezaul Karim'
 'Tonmoy' 'Fattah Bin Taher' 'Rawshon Ara' 'Hosne Ara' 'Monibur Rahman'
 'Laisur Rahaman' 'Rakibul Islam' 'Ehtesham' 'Zakir Hossain'
 'Khaled Saifullah' 'Maruf' 'Md Fahad' 'Ulfat Bin Urma' 'A.K.M Fazlul'
 'Lubna' 'MD. Kheirul Alom' 'A K M Nur A Rabbi' 'Riaz' 'Tarek Mahmud'
 'Moin Khandaker' 'Md Shahjalal' 'Shopon' 'Md.Motaleb Mia'
 'Sheikh Farhaduzzaman' 'Shaon' 'Mahsinur Rahman' 'Sayem' 'Juwel' 'Shohel'
 'Abdullah-Al-Hadi' 'Mejbah Bin Mosharrof' 'Dr Md Moazzem Hossain'
 'Rajib Ahmed' 'Anowar Hossain' 'Nur-Alom' 'Ashik' 'Masud Munna'
 'Humayun Kabir' 'Sajib' 'Dr. Sharmin Sultana' 'Faisal' 'Abdul Quayum'
 'Md Yaqub Ali' 'Md. Abrar' 'Abdullah All Mamun' 'Shamsher Ullah'
 'Ridoy Khan Mim' 'Md Monjur Hasan' 'MD. Shah Arefin Amin' 'Md Asif Uddin'
 'Sohag Miah' 'Md Faysal' 'Nipon Banik' 'Riftabin' 'Kawser Khan'
 'Md Shaiful Islam' 'Fahim' 'Mohim Ahmed' 'Aframim' 'Momen Hossain'
 'S K Mondol' 'Rubaiyat Shafat' 'Sammajit Banik' 'Shohel Shariar'
 'Firoz Mahmud Khan' 'Saimun Hossain' 'Farrukh Ahmed' 'Rabiul Islam'
 'Salman Chowdhury' 'Clement Mondal' 'Sakibur Rahman' 'Rezaul Karim'
 'Khondoker Shafiul Alam' 'Mohabbot Hossain' 'Md. Rajib Ahmed'
 'Mahir Labib Antu' 'Asaduzzaman' 'Huzaifa' 'Md. Ishaka Ali sarker'
 'Shaekh Ahmed' 'Mehedi Hasan' 'Nahian Antu' 'Ashraful Alam'
 'Md. Ashraful Haq' 'Bappy Mirdha' 'Lipi Roy' 'Nazmul Hasan' 'Md. Sujon'
 'Mirza Borhan Kabir' 'Shuvo' 'Md Jamil Hossain' 'MD Rashedul Islam'
 'Rizve Ahmed' 'Imran' 'Sadman Sakib' 'Roman' 'Md Masudul Alam'
 'Md Sharoar Ahmed' 'Kazi Marzana Rahman' 'Samsuz Zaman'
 'Md.Shahidul Alam' 'Md.Abdul Bari' 'Usman Goni Anik' 'Md Sujon' 'Amitab'
 'Joy Gobinda Ghosh' 'Atib' 'Zahid Hasan' 'Md.Sanwar Hossain'
 'Golam Sarwar' 'Aashique Rahman' 'Farzana Akter' 'Mohammad'
 'Md. Shahed Rahman' 'Nishu' 'Ershadur Rahman' 'Md Helal' 'Sabbir Ahmed'
 'Tajuddin Ahmed' 'Parvez Kawsar' 'Supti Dipnath' 'Nabila Nowshin' 'Mamun'
 'Shorif' 'Sabina Akter' 'Nahid Hasan' 'Md. Solsaiman' 'Musa' 'Enamul'
 'Md. Mohin Uddin Khokon' 'Saiful Islam' 'Sohag Howlader' 'Awlad Hossain'
 'Md. Sazzad Hossain' 'Tanvir' 'Rabeya Bibi' 'Ananta' 'Raju'
 'Tariqul Parvej' 'Naju Akther' 'Jhorna' 'Md. Sabbir Hossain' 'Md. Tajul'
 'Dola Podder' 'Mehedi Hossain' 'Sayeed' 'Oli Ullah' 'Safikul Islam'
 'Shahidul Alam' 'Ruhul Amin' 'Adnan Bhuiyan' 'Ashikur Rahman' 'Evan'
 'Mominul Islam' 'Minhaz Shekh' 'Nur -E -Alam' 'Md. Salauddin' 'Naser'
 'Sayedul Islam khan' 'Sheikh Md. Meheraj' 'Aminur' 'Pryota Khandakar'
 'Khairuzzaman' 'Munni Akter' 'Mushfiq Rahman' 'Md.. Khokon' 'Milon'
 'Murad Sarker' 'Afiful Islam' 'Md Suzon' 'Dr.Hasan Rizvi' 'Sheikh Sazzad'
 'Noman' 'Md Maksudul' 'Abdul Alim' 'Hafiz Mohammad' 'Md.Shamsur Rahman'
 'Md Khabir Uddin' 'Anower Sadat' 'Md.Shafiqul Islam' 'Imtiaz Ahmed'
 'Md Razib Monowar' 'Samir Biswas' 'Md Sobuj Mollah'
 'Dr Dewan Arifur Rahman' 'Yousuf' 'Din Mohammad' 'Md Mahbubul Islam'
 'Ferdous' 'Nayem' 'Mdmushfiqur Rahman' 'Tanbir' 'Rashed Hawlader'
 'Md.Nayon Hossain' 'Md Ali Akber' 'Md Rafi' 'Nurul Amin' 'Syed Rubyat'
 'Md Mahabub  Ashraf' 'AShaduzzaman Dipu' 'Md Abu Saiyem' 'Mr.Sabbir'
 'Rakhi Mollikh' 'Masud Rana' 'Shawon' 'MD Delowar' 'Md. Jahirul Islam'
 'Towhid' 'Kazi Abdul Mujid' 'Jahid Hasan' 'Shaila Akther' 'Prince'
 'Md Shamim' 'Parvez' 'Rokon' 'Sumon' 'Ishaque Khan' 'Md Ashikur Rahman'
 'Mark Sarker' 'Shanto Islam' 'Md salim' 'Mahin' 'Md Zobayer Hossain'
 'Sayeem' 'Pranto' 'Md Omar Faruk' 'Md . Muktadir Ahmed'
 'KM. TAHIDUR RAHMAN' 'Md .Shibli Nomani' 'Md. Saikat' 'Md Jamsedul Alom'
 'Md Mubin Khan' 'Suman Paul' 'Md.Shibly Ahmed'
 'Md.Samiul Islam Mollik Shad' 'Md . Shahin Hossain' 'Shumon'
 'Md Mijanur Rahman' 'Md  Aman Ullah' 'Md Rasel Khan' 'Ishmam Mahdy'
 'Sakib' 'Amin Hamza' 'Nazmul' 'Shuma' 'Farah Binte' 'Dr.Rita Akhter'
 'Md Sazzad Mahmud' 'Aminul Islam' 'Saikat Das Gupta' 'Md. Abdur Rahman'
 'Arif Zamir' 'Ashikuzzaman' 'Md. Litonuzaman' 'Abdullah'
 'Sumaiya Jaman Lia' 'Moshiur Rahman' 'Ariful Islam' 'Dr Md Raisul Islam'
 'Anamul Islam' 'Md Nayem' 'Ahmed Fazle Rabbi' 'Mehidi Akash'
 'Bedaura Bipasha' 'Aymun Mia' 'Nasir Al Mamun' 'Shafuat' 'A.S.M Nasim'
 'Md. Azizul Islam' 'Ismail Hossain' 'Mamun Bhuiyan' 'Ahsan Uddin'
 'Shovon' 'Abdullahel Kafi' 'Dr. Tanveer' 'm' 'Sunny' 'Abdul Matin'
 'Sarif' 'Shahjalal' 'Nazmul Arifin' 'Niloy' 'Badol' 'Apu Hossain' 'Eshan'
 'Fairooze Islam' 'Md. Golam Shahariar' 'Munirul Islam' 'Md. Razin'
 'Mahabbat' 'Mr. Khairul' 'Rini' 'Sk. Md. Safayet Billah' 'Jasim Uddin'
 'Md. Muzammel Haque' 'Md. Jamshedul Alam' 'Sheik Sabbir Ahmed' 'Masum'
 'Mitul' 'Sathi' 'Mumu' 'Arefin' 'Md. Amirul Islam' 'Md Samsul Alom'
 'Md Nur Alam' 'Md Masudur Rahman' 'Adilur Rahman' 'Md Taufiqur Rahman'
 'Hanif Kaiser' 'Asif Ahmed' 'Mohammad Razib' 'Md Abdul Motaleb Sarkar'
 'Chandon Roy' 'Jewel' 'Takian Alam' 'Md Rajib' 'Anik' 'kazi Ehsanul Bari'
 'Md. Olil Molla' 'Md. Afaz Uddin' 'Md Sohel Rana' 'Junayed  Ahmed'
 'Rubayet Ahmed' 'Tofayel A. Patwary' 'Kamrul Islam Khan' 'Forhad Hossain'
 'Hasan Arif' 'Hasan Kabir' 'Rajesh Mollik' 'Tonyma Sanwar' 'Md Rabbi'
 'Miftahul Jannat' 'Ali Adir' 'Shaikat Das Gupta' 'Rashed Jaman'
 'Shibly Rahman' 'Khailul Islam' 'Hojaifa Rahman' 'Mahmuda Begum'
 'Dr.Moniruzzaman' 'Md. Shariful Islam' 'Dr.Mominul' 'Shohag'
 'Abdul Monaim' 'Tasfique' 'Mustafiz' 'Ataur Rahman' 'Md.Nasir Uddin'
 'Johny Ahmed' 'Rafiul Islam' 'Nadim' 'Md Julfiker' 'Md Jahir Hossain'
 'Nazmul Alom' 'Md Ishak Ali' 'Saki  Islam' 'Mesbah' 'Takdiur Rahman'
 'Rasel Ahmed' 'Arafat' 'Ziaur Rahman' 'Saiful' 'Jashim' 'Golam Kibria'
 'Manik Ahmed' 'Raj' 'Mehedi Hassan' 'Ramzan' 'Khaled' 'Rubel Hossain'
 'Daney' 'Md. Selim' 'Aslam' 'Md. Ziaur' 'Shithi' 'Emteaz' 'Selim Ahmed'
 'Faridul Islam' 'Md. Abdullah Al Mamun' 'Yamin' 'Md. Salah Uddin' 'Miraz'
 'Mahbub' 'Babul Hossain' 'Md. Arman Sarker' 'Latif' 'Dedarul Islam'
 'Ripon' 'Farabi' 'Abu Nayem' 'Sajal' 'Pronay' 'Kamrul Hassan'
 'Zahidul Islam' 'Kamruzzaman' 'Amit Kumar' 'Sazib Biswas' 'Nur Muhammad'
 'Md Masud Rana' 'Mohidul  Aslam' 'Abu Bakar' 'Habib' 'Md Reshad Tanvir'
 'Md.Istiak Rokon' 'Omor Faruk Sifat' 'Al-Amin Kari' 'Mozammel Haque'
 'Md. Ayub Ali' 'Md. Mamun OR Rashid' 'Anika Salsabil' 'Md. AnisurRahman'
 'Badhon Ashin' 'Sagor' 'Shapu' 'Md Billal Hossen' 'Md Shohel Mia'
 'Pantho' 'Afsarul Karim' 'Md. Rayhan Ali Mollah' 'Dhrubo Gomes'
 'Mostafizur Rahman' 'Shewly' 'Mithila' 'Md Rakib' 'Atiquzzaman'
 'Md Mahin' 'Tabassum Saima' 'Sadman' 'Md. Ishtiak Ahmed'
 'Md. Tarik Hossain' 'Md.Hossain Khan' 'Md.Ersad Ali' 'Arif Hossain'
 'Dr Tanjirul Islam' 'Kohinur Akter' 'Nazrul Islam' 'Md Kamrul Hasan'
 'Md Awlad Hossen' 'Bayzid' 'Mehedi' 'Md. Nurunobi' 'Abdullah Al Mamun'
 'Meftaul Ferdous' 'Md.Saiful Islam' 'Mahmud Hasan' 'Yousuf Khan'
 'S.M Abu Sufian' 'Kazi Rifat' 'Dr.Jahidul Islam' 'Dr Imtiaz' 'Nawshim'
 'Md Yeasin' 'Azmain' 'Md Anowar Hossain' 'Aurin' 'Raju Ahmed'
 'Oayes koroni' 'Surojit Sarker' 'Md Sazzad' 'Md. Sohag'
 'Kazi Samiur Rahman' 'Md Shakib Hasan' 'Rafiur Rahman' 'Rashed Islam'
 'Saha Azom' 'Raz' 'Fahrina' 'Amit Sinha' 'Md Muktarul Islam'
 'Monjurul Islam' 'Kazi Azna' 'Mustafizur Rahman' 'Shagoto'
 'Md Ariful Islam' 'Md Saroyer' 'Rezur Rahman' 'Shihab' 'Sukur Ali'
 'Shyamol' 'Kamrus Salam' 'Mahfuzure Rahman' 'Md Sakibur' 'Chandan Roy'
 'Joynal Emon' 'Rofikul Boby' 'Nafisa' 'Mir Shaifullah' 'Md Yosuf Ali'
 'Md Kibria islam' 'Nasim' 'Bhabna' 'Saiful Hossain' 'K.M. Aowlad Hossain'
 'Md.Khabirul' 'Farhad Ahammed' 'Rakib' 'Ashif' 'Md.Bodiozzaman'
 'Auwal Hossen' 'Obaidur' 'Sobuj Foraji' 'Safayet Anwar' 'Md. Emran'
 'Imam Hassan' 'Naeefy' 'Jahangir' 'Shahin' 'Ajgor Ali' 'Riaz Sarker'
 'Nazmul Mir' 'Anamul Haque' 'Mizanur Rahman' 'Rokunuzzaman' 'Runa'
 'Anwarul Islam' 'Rashedul Islam' 'Md. Zakaria' 'Shahinur Rahman'
 'Ezaz Ahmed' 'Jannatun Razia' 'Riad' 'Arif Ahamed' 'Jahid' 'Sadia'
 'Mustafizur' 'Mizanur' 'Tahmina Khatun' 'Tareq' 'Iddris Ali'
 'Md. Omar Faruq' 'Teon' 'Rana Ahmed' 'Rafiqul Hasan' 'Ashik Hasan'
 'Shah Imran' 'Toslim Ahmed' 'Hasib Murtaza' 'Arifur Zaman Arif'
 'Deepa Das' 'Kibria' 'Jennifer' 'Rafiqul Islam' 'Rafi' 'Farzana'
 'Moin Rahman' 'Tarek Alam' 'Shuvro' 'Rifat' 'Hozaifa' 'Abu Sayed'
 'Hamidur Rahman' 'Sohel' 'Newton Tanchangua' 'Tarana Halim'
 'Ashikun Rahman' 'Golam Rabbani' 'Jubayer Ahmed' 'Lisa' 'Fuad'
 'Hridoy Khan' 'Md, Abul Kashem' 'Ashikur Rahman Lavlu'
 'Md. Thaherul Islam' 'Md. Taherul Islam' 'Md Rahat Sikder'
 'Tahrina Morsalin' 'Md. Sakhaowat Hossain'
 'Md. Shakil Uddin Khan (Kanon)' 'Md.Atikur Rahman' 'Md Amir Hossen'
 'Pavel Mahmud' 'Woali Nasser' 'Sarjil' 'Ariful Alom' 'Mr. Abdur Rab'
 'Motahar Hossain' 'Sajol' 'Sajidul Islam' 'Dewan Farhan Bin Mahbub'
 'Obhijit Roy' 'Debashis Roy' 'Abu Naser Manik' 'Md. Helal'
 'Tamim Alauddin' 'Shezan Bepari' 'Md . Abu Hanif' 'Sobuj' 'Ahadul Islam'
 'Saief Aus Sultan' 'Md Tofazzal' 'Md Jasim Mia' 'Md. Monirul Islam'
 'Md Atikur Rahman' 'Md.Aftab Uddin Khan' 'Md.Hasanuzzaman'
 'Bipul Hossain' 'Md. Roman Hossain' 'Md. Abu Hasan' 'Shahidul Amin'
 'Abdullah Baser Rumi' 'Rion Khan' 'Md Rasel Hossen' 'Rakibul Hasan'
 'Md. Sarwar' 'Ziaul Islam' 'Md Mahabbat' 'Md Habibur Raman'
 'Rokonur Rahman' 'Hafizur Rahman Khan' 'Md . Sakil' 'Anwar Parvez'
 'Sakibul Alam' 'Soma Ferdoush' 'Md Robiul Awoul' 'Md.Muid Hossain'
 'Md. Fazley Rabbi' 'Raihan Ahmed' 'Md Mostakim Billah' 'Md Yamin Khan'
 'Md Rubel' 'Md , Zahidul Haque' 'Dr. Sadi' 'Md Imran' 'Uzzal'
 'Md Alomgir' 'Md Naimul Haque' 'Atikur Rahman' 'Ashraful Islam'
 'Abdulla Enam' 'Kavin K. Khandoker' 'abdullah Muhammad Tasnim'
 'Ratul Shaha' 'Andalib Rahman' 'Zaman' 'Dr.Md Zunaid' 'Md. Wazed'
 'Tahmid' 'Faysal' 'Md. Kawsar' 'Mashukul Alam' 'Md Abu Sayeed'
 'Md Mejbah' 'Md Amirul Basar' 'Md Shamshul Alam' 'Seyam Sarker'
 'Md. Yeasin' 'Durjoy' 'Md Momen' 'Md. Mominul Islam' 'Tapos'
 'Md Asadullah' 'Shahed' 'Md Zakir' 'Sardar' 'Abdul Hamid'
 'Md Rubel Hossain' 'Prodipto Bamik' 'Nazmus  Shakib' 'Md Asaduzzaman'
 'Mir' 'Tanzid' 'Mainul Haque' 'Md. Forhadul Islam' 'Asad Ahmed'
 'Md Mamun' 'Mosheul Alam' 'Tanvir Siddique' 'Minul Islam Shamim'
 'Md Monabbrul  Hasan' 'Md Moinul Hosan' 'Wasim' 'Dr. Shrabon' 'Akib'
 'Shariful Islam' 'Md Anwarul' 'Md Ridwanul Karimn' 'Tanif' 'Masoma Zaman'
 'Rexon Begum' 'Tashion Amheed' 'Labonno' 'Mishbahul Haque'
 'Md Ashraf Uddin' 'Khokon' 'Md Arafat']"
100921,Lipid Profile Serum (R),103730.0,LDL Cholesterol,['**' '--' '---' '-' '*' '***']
10107,"Stock W/B, PBRC",10590.0,Donor Name :,"['Nurul Islam' 'Sayed Mashrur Hasan' 'Md Jamanur Rahman' 'Shohag'
 'Md Khorsed Alom' 'Al-Wazid Sarker']"
10118,Fungus(GMS) Stain,10616.0,Fungus (GMS) Stain,['No fungal element is identified.' 'No fungal elements identified.']
101231,Troponin I,101262.0,Troponin I,['-+']
10124,Ascitic Fluid for Cytology,10625.0,Specimen :,['Ascitic fluid for cytology.' 'Ascitic fluid']
10132,Rh-Antibody Titre,10655.0,Rh-Antibody Titre,['No Rh-Antibody detected' 'No detected' 'Not detected']
101497,CBC,100155.0,R.D.W.-C.V.,['----' '---']
101497,CBC,100156.0,R.D.W.-S.D.,['----']
101497,CBC,100157.0,M.P.V,['----' '---' '--' '-' '-----' '------']
101497,CBC,104291.0,ESR,['.']
10191,Lipid Profile Serum (F),10969.0,LDL Cholesterol,['--' '-' '**' '***' '---']
10210,Cell Count (Cytology),11057.0,Specimen :,['Pleural fluid' 'Ascitic fluid']
10240,Skin Scrapings for M/E (Fungus),11459.0,Wet Film,"['Hyphae of fungi intertwined among epithelial cells are detected.'
 'Hyphae of fungi intertwined among epithelial cells are seen.']"
10252,Urine for C/S,11523.0,*Polymyxin B,['SI']
10343,Pleural fluid for cytology,12045.0,Specimen :,['Pleural fluid' 'Pleural fluid for cytology.']
10343,Pleural fluid for cytology,12053.0,RBC :,['(++) /HPF' 'Numerous']
10447,Throat Swab for Gram Stain,12185.0,Gram stain,['Moderate number of Gram positive cocci and Gram negative bacilli seen.']
10453,RBG - Random blood glucose,12204.0,Corresponding urine sugar,['Nil.' 'M/S']
10567,BAL for Gram Stain,12592.0,Gram stain,"['Few Gram postive cocci seen.'
 'Moderate number of Gram positive cocci and Gram negative bacilli seen.']"
10573,CSF for Cytology,12602.0,Specimen :,['CSF for Cytology']
10573,CSF for Cytology,12610.0,RBC :,['No RBC']
10573,CSF for Cytology,12613.0,Total count Of WBC :,['No Cell Count.' 'No WBC' 'Nil /cmm']
10588,Eosinophil (Sputum),12919.0,Eosinophil,['Present a few']
10591,Corresponding urine sugar 1h 75gm,12922.0,Corresponding urine sugar 1h 75gm,['N.S']
10615,Mantoux Test (MT),12989.0,On observation,['Induration present']
10615,Mantoux Test (MT),12992.0,Site,['Left fore arm' 'Right fore arm']
10616,Urine R/M/E,12996.0,R B C,['Occational']
10616,Urine R/M/E,13011.0,Volume,['Sufficient']
10616,Urine R/M/E,13020.0,Reaction,['Acidic' 'Alkaline']
10616,Urine R/M/E,13024.0,#,['Spermatozoa- Present']
10617,Stool R/E,13030.0,Stercobilinogen,['few']
10617,Stool R/E,13035.0,Pus Cells,['Pleny']
10617,Stool R/E,13043.0,Consistency,"['Semi liquid' 'Liquid' 'Soft' 'Semi-Solid' 'Semi-Liquid' 'Loose'
 'Semi Liquid' 'Semi-liquid' 'Solid' 'Water' 'Semi solid']"
10617,Stool R/E,13045.0,Mucus,['Scanty']
10617,Stool R/E,13046.0,PROTOZOA,['.' 'VEG']
10617,Stool R/E,13049.0,Reaction,['Acidic']
10617,Stool R/E,13052.0,Odor,['Offensive']
10617,Stool R/E,13056.0,Cyst,['E. coli (+)']
10626,Lipid Profile Serum (R),13070.0,LDL Cholesterol,['**' '-' '***' '---']
10655,CBC,13377.0,Mature looking lymphocytes,['\\']
10655,CBC,13379.0,R.D.W.-C.V.,['----' '--']
10655,CBC,13381.0,M.P.V,['----' '-----' '---' '--' '-']
10655,CBC,13387.0,ESR,['.']
10664,Blood Film (PBF),13425.0,WBC,"['Mature, normal in count and distribution.'
 'Mature normal in count with increased distribution of neutrophil according to age.'
 'Mature with the distribution shown.' 'Mature with above distribution.'
 'Mature with normal in count and distribution.'
 'Mature, normal in count with increased distribution of neutrophil.'
 'Mature with normal count and distribution.'
 'Mature with increased total count.'
 'Mature with fair number of dysplastic monocyte.'
 'Mature with normal distribution and count.'
 'Mature normal in count and distribution.'
 'Mature increased total count with increased distribution of neutrophil.'
 'Mature with fair number of reactive lymphocytes.'
 'Mature with increase distribution of neutrophil.'
 'Mature with increase total count and increase distribution of neutrophil.'
 'Mature with some reactive lymphocytes.'
 'Mature with increase distribution of eosinophil.'
 'Mature with fair number of reactive lymphocyte.'
 'Mature with increased distribution of neutrophil.'
 'Mature, normal in count and distribution according to age.'
 'Mature with few band from no toxic granules.'
 'Mature with features of neutrophil leucocytosis.'
 'Marked neutrophil leucocytosis with shift to left.'
 'Mature with above normal in count and distribution.'
 'Mature with few bed form no toxic granules.'
 'Mature with fair number of neutrophil having toxic granules.'
 'Mature, normal in count with increased distribution of eosinophil.'
 'Mature normal in count with increased distribution of neutrophil.'
 'Mainly mature with fair number of reactive lymphocyte & atypical cell.'
 'Mature with the above distribution with few reactive lymphocytes.'
 'Mature, increased total count with increased distribution of neutrophil.'
 'Mature with features of mild neutrophil leucocytosis.'
 'Mature with increased distribution of eosinophil.'
 'Mature with average normal distribution.'
 'Mature with increased distribution eosinophil.'
 'Mainly mature with occasionaly myelocyte.'
 'Mature but decreased distribution of neutrophil.'
 'Mature but decreased in number.'
 'Mature increased in total count and increased distribution of neutrophil according to age.'
 'Mature with above distribution and some reactive lymphocytes.'
 'Mature, normal in count with increased distribution of lymphocyte.'
 'Mature normal in count and increased distribution of neutrophil.'
 'Mature with increased distribution of neutrophil having hypersegmented nucleus.'
 'Mature, increased total count and increased distribution of neutrophil.'
 'Mature with few hypersegmented neutrophil.'
 'Mature increased in total count with increased distribution of neutrophil.'
 'Mature increased total count with increased distribution of neutrophil according to age.'
 'Mature, normal in count and increased distribution of neutrophil.'
 'Mature with above distribution and count.'
 'Mature with fair number of neutrophil having vacoule and dysplastic changes.'
 'Mature with normal in count with increased distribution of neutrophil.'
 'Mature, increase in count and distribution of neutrophil.'
 'Mature increase total count and normal in distribution according to age.'
 'Mature with few reactive lymphocytes.'
 'Mature with increased distribution of neutrophil having toxic granules.'
 'Mature with features of neutrophil leucocytosis, mild.'
 'Mature with the above distribution.'
 'Mature with distribution shown, some reactive lymphocytes.'
 'Mature normal in count with increased distribution of eosinophil.'
 'Mature normal in count and increased distribution of neutrophil according to age.'
 'Mature, normal in count and increased distribution of lymphocytes according to age.'
 'Shows left shift maturation, majority of cells are lymphoblast.'
 'Mature with fair number of hypersegmented neutrophil.'
 'Mature increased total count and normal in distribution.'
 'Mature with increased eosinophil count.'
 'Mature normal in count with increased distribution of lymphocytes.'
 'Mature with increased total count and neutrophils.'
 'Mature with features of mild neutrophil leucocytosis,some neutrophil show toxic granules.'
 'Mainly mature with few myelocyte.'
 'Mature with above distribution of count.'
 'Markedly increased in number with left shift maturation, most of the cells are lymphoblast.'
 'Mature with features of neutrophil leucocytosis with some neutrophil shows toxic granules.'
 'Mature with the above distrubution.'
 'Mature, normal in count & increased distribution of lymphocytes.'
 'Mature with features of neutrophil leukocytosis, mild peripheral.'
 'Mature with neutrophil leucocytosis.'
 'Mature with features of neutrophil leukocytosis, mild'
 'Mature increased in total count with increased distribution of neutrophil according to age.'
 'Mature normal in count and distribution according to age.'
 'Mainly mature with fair number of myelocyte.'
 'Matur with some reactive lymphocytes.'
 'Mature with increase distribution of neutorphil & eosinophil.'
 'Mainly mature with few myelocyte and dysplastic monocyte.'
 'Mature increased total count with increased distribution. of neutrophil.'
 'Mature normal in count with increase distribution of neutrophil.'
 'Mature with  distribution.'
 'Mature normal in count & distribution according to age.'
 'Mature with normal count and distribution'
 'Mature with the distrubution shown.'
 'Mature increaed total count with increased distribution of neutrophil.'
 'Mature with the average normal distribution.'
 'Mature, with reduced total count'
 'Mature with the distribution shown with some reactive lymphocytes.'
 'Mature with few band form no toxic granules.'
 'Mature normal in count gross shift to the left some blasts are also seen.'
 'Mature with increase distribution of neutrophil having toxic granules.'
 'Mature lower limit normal in count and increased distribution of lymphocytes according to age.'
 'Mature with nomal in count and distribution.'
 'Mature increase total count with increase distribution of neutrophil.'
 'Mature with above distribution with some reactive lymphocytes.'
 'Mature with most of the neutrophil having toxic granules.'
 'Mature with increased WBC and neutrophils.'
 'Mature with few atypical mononuclear cell.'
 'Mature with the distribution shown some reactive lymphocytes.'
 'Mature with low count.'
 'Mature with decreased distribution of neutrophil.'
 'Mature with normal in total count and distribution.'
 'Matur, normal in count and distribution.'
 'Increase in number with fair number of myelocyte and dysplastic monocyte.'
 'Mature normal in total count and distribution.' 'Mature.'
 'Mature normal in count and increased distribution of eosinophil.'
 'Mature normal in count with increased distribution of number.'
 'Marked neutrophil leucocytosis with mild shift to left.'
 'Mature with increased distribution of lymphocyte.'
 'Mature increased in total count with distribution of neutrophil.'
 'Mature with the normal distribution.'
 'Mature with average distribution.'
 'Mature with average distribution with some reactive lymphocytes.'
 'Mature with normal distribution.'
 'Mature but decrease distribution of lymphocyte.'
 'Mature with the distribution.' 'Mainly mature with few myolocyte.'
 'Mature increased in count and normal in distribution.'
 'Mainly mature with few myelocyte. Hypersegmented neutrophil and basophil are also noted.'
 'Mature with feature of neutrophil leucocytosis.'
 'Mature, lower limit normal in count and distribution.']"
10664,Blood Film (PBF),13426.0,Platelets,"['Adequate.' 'Normal in count and morphology.' 'Decreased in number.'
 'Normal count and morphology.' 'Reduced.' 'Lower limit normal.'
 'Normal in count and morpholgy.' 'normal in count and morphology.'
 'Increased.' 'Lower limit normal in count.' 'Increase in number.'
 'Decrease in number.' 'Marginal.' 'Normal in count and distribution.'
 'Adequate' 'Decreased.' 'Normal in number and arranged in clusters.'
 'Increased in number.' 'Increase.'
 'Decreased in number with anisocytosis.'
 'Increased in number with anisocytosis.' 'Normal in count and mophology.'
 'Moderately increaed in number.' 'Borderline normal.' 'Grossly reduced.'
 'Decreased in number' 'Normal in number and morphology.' 'Reduce.'
 'Normal in counr and morphology.' 'Scanty.' 'Marginal'
 'Adequate with variable in size and shape.' 'Mormal.' 'Reduced'
 'Marginally reduced.' 'Normal in number with anisocytosis.'
 'Marginally normal.' 'Borderline normal in count.'
 'Normal in ocunt and morphology.'
 'Markedly increase in number with anisocytosis.']"
10664,Blood Film (PBF),13427.0,Malarial Parasite,['Normal blood film.']
10664,Blood Film (PBF),13428.0,RBC,"['Normocytic normochromic.'
 'Anisopoikilocytosis with some microcytic hypochromic RBC & few elongated cells with rouleaux.'
 'Moderate anisopoikilocytosis hypochromic microcytic red cells, \nfew pencil form, target cells with rouleaux.'
 'Anisochromia with anisocytosis.'
 'Normocytic normochromic with fair number of target cells.'
 'Anisochromic anisocytosis with rouleaux.'
 'Normocytic normochromic with increased erythrocytes distribution.'
 'Anisochromic anisocytosis.'
 'Hypochromic microcytic with few target cells and elongated cells.'
 'Anisocytic anisochromic.'
 'Moderate anisopoikilocytosis hypochromic microcytic red cells, \nfew pencil form, some target cells.'
 'Anisochromia with anisocytosis and many target cells and elongated cells.'
 'Normocytic normochromic red cells with few fragmented cells are noted.'
 'Normocytic normochromic mild rouleaux.' 'Microcytic normochromic.'
 'Normocytic normochromic with mild rouleaux.'
 'Anisopoikilocytosis with some microcytes and few target cells with rouleaux.'
 'Normocytic normochromic with rouleaux.'
 'Anisocytic anisochromic with rouleaux.'
 'Normocytic normochromic with increased rouleaux.'
 'Anisochromic with microcytosis.' 'Hypochromic microcytic.'
 'Microcytic hypochromic with few elongated cell.'
 'Anisochromic with microcytosis and some target cells.'
 'Moderate anisopoikilocytosis hypochromic microcytic red cells, few pencil form and target cells with rouleaux.'
 'Hypochromic microcytic with fair number of elongated cell.'
 'Anisocytic anisochromic with few microcytes and rouleaux.'
 'Anisopoikilocytosis with many microcytic hypochromic RBC, some elongated cells, few target cells also seen with rouleaux.'
 'Dimorphic blood picture.'
 'Anisochromic anisocytosis with some microcytes with rouleaux.'
 'Mild anisopoikilocytosis microcytic hypochromic red cells, few pencil form, tear drop cells and target cells.'
 'Normocytic normochromic with some target cell.'
 'Anisochromic anisocytosis including microcytic normocytic.'
 'Microcytic and hyppochromic cells, Few target cells.'
 'Moderate anisopoikilocytosis, hypochromic microcytic red cells, few pencil form, target cells.'
 'Moderate anisopoikilocytosis hypochromic microcytic red cells, few pencil form, target cells'
 'Anisochromic anisocytosis including normocyte and schistocyte.'
 'Moderate anisopoikilocytosis, hypochromic microcytic red cells, few pencil form with rouleaux.'
 'Anisochromic anisocytosis with mild rouleaux.'
 'Hypochromic microcytic with few elongated cell.'
 'Anisochromic anisocytosis with few target cells with rouleaux.'
 'Normocytic normochromic with plenty target cell.'
 'Microcytic hypochromic with fair number of elongated cell.'
 'Anisopoikilocytosis with many microcytic hypochromic RBC, few target cells, tear drop cells, occasional fragmented cells also seen.'
 'Normocytic normochromic with marked rouleaux.'
 'Normochromic normocytic with marked rouleaux.'
 'Anisochromic anisocytosis with marked agglutination and fair number of nRBC.'
 'Normochromic normocytic with rouleaux.'
 'Anisochromic anisocytosis with few microcytes.'
 'Anisopoikilocytosis with many microcytic hypochromic RBC, some target cells, elongated cells, occasional polychromatic cells also seen with rouleaux.'
 'Microcytic hypochromic RBC, some target cells with mild rouleaux.'
 'Hypochromic microcytic with a fair number of target cell.'
 'Anisochromia with microcytosis.'
 'Anisopoikilocytosis with some microcytes, thick target cells, few elongated cells and occasional macrocytes also seen.'
 'Normochromic normocytic with increase rouleaux.'
 'Anisochromic anisocytosis with some microcytic hypochromic RBC with rouleaux.'
 'Anisocytic anisochromic with few target cells.'
 'Anisopoikilocytosis with many microcytic hypochromic RBC, some elongated cells, few pencil cells, target cells also seen with rouleaux.'
 'Anisopoikilocytosis with some microcytic hypochromic RBC and few target cells.'
 'Normocytic normochromic with mild, rouleaux.'
 'Anisopoikilocytosis with good number of macrocytes, some thick target cells and few microcytes also seen with marked rouleaux.'
 'Anisopoikilocytosis with some microcytic hypochromic RBC , few  target cells & elongated cells also seen with rouleaux.'
 'Anisopoikilocytosis with some microcytes, few elongated cells and macrocytes also seen with rouleaux.'
 'Macrocytic normochormic.'
 'Anisopoikilocytosis with many microcytic hypochromic RBC, few elongated cells & macrocytes also seen with rouleaux.'
 'Anisopoikilocytosis with some microcytes and few elongated cells also seen with rouleaux.'
 'Moderate anisopoikilocytosis hypochromic microcytic red cells, few pencil form, some target cells.'
 'Anisochromic anisocytosis with few microcytes with rouleaux.'
 'Anisochromic anisocytosis with few elongated cells.'
 'Mild anisopoikilocytosis microcytic hypochromic red cells, few pencil form, tear drop cells and target cells with mild rouleaux.'
 'Dimorphic blood picture with few target cells and elongated cells.'
 'Anisochromic anisocytosis including normocyte and macrocyte.'
 'Anisochromic anisocytic including normocyte, microcyte, elongated cell and teardrop cell.'
 'Normocytic normochromic with increase rouleaux.'
 'Moderate anisopoikilocytosis, hypochromic, microcytic red cells, few pencil form cells, target cells.'
 'Anisochromic with mild microcytosis.'
 'Anisopoikilocytosis with some microcytic hypochromic RBC with rouleaux.'
 'Anisochromic anisocytic including microcytic, normocytic and elongated cell.'
 'Anisochromic and anisocytic with rouleaux.'
 'Hypochromic microcytic with fair number of elongated cell and target cell.'
 'Moderate anisocytosis hypochromic microcytic red cells with marked rouleaux.'
 'Anisochromic anisocytic including macrocyte and normocyte.'
 'Anisopoikilocytosis with many microcytic hypochromic RBC, some target cells, few elongated cells, few fragmented cells, polychromatic cells also seen.'
 'Anisochromic anisocytosis including normocyte, target cell, spherocyte and polychromatic macrocyte.'
 'Mild anisopoikilocytosis hypochromic microcytic red cells few pencil form with mild rouleaux.'
 'Anisopoikilocytosis with some microcytes and rouleaux.'
 'Anisochromic anisocytosis'
 'Anisochromic anisocytosis with some target cells.'
 'Anisopoikilocytosis with some microcytic hypochromic RBC, few elongated cells, target cells also seen with rouleaux.'
 'Hypochromic microcytosis with fair number of elongated cells and target cells.'
 'Anisochromic anisocytic.'
 'Anisopoikilocytosis with some microcytic hypochromic RBC, elongated cells, teardrop cells, few macrocytes also seen with rouleaux.'
 'Anisocytic anisochromic including normocyte, macrocyte with increase rouleaux.'
 'Normocytic normochromic with few elongated cell.'
 'Normocytic normochromic with mild rouleaex.'
 'Anisochromic anisocytosis with few target cells.'
 'Anisopoikilocytosis with some microcytic hypochromic RBC & target cells, occasional fragmented cells & elongated cells also seen with rouleaux.'
 'Gross anisopoikilocytosis, hypochromic microcytic red blood cells with few pencil form, \ntear drop cells and target cells.'
 'Hypochromic microcytosis with some target cells and elongated cells.'
 'Anisopoikilocytosis with many target cells, some fragmented cells and few elongated cells also seen with rouleaux.'
 'Anisopoikilocytosis with many microcytic hypochromic RBC and few elongated cells also seen with rouleaux.'
 'Hypochromic microcytes.'
 'Mild anisopoikilocytosis hypochromic microcytic red cells, few pencil form cells with mild rouleaux.'
 'Microcytic hypochromic anaemia, moderate with rouleaux.'
 'Normocytic normochromic with fair number of thick target cells and increased rouleaux.'
 'Anisopoikilocytosis with some microcytes, few elongated cells, occasional target cells and rouleaux.'
 'Anisopoikilocytosis with many microcytic hypochromic RBC, some elongated cells, acanthocytes, occasional target cells with rouleaux.'
 'Mild anisopoikilocytosis, hypochromic mcirocytic red cells, occasional pencil form and some target cells.'
 'Anisopoikilocytosis with mild microcytosis.'
 'Hypochromic microcytic with a fair number of target cells and elongated cells.'
 'Anisopoikilocytosis with many microcytic hypochromic RBC, elongated cells, acanthocytes, occasional fragmented cells with rouleaux.'
 'Anisopoikilocytosis with many microcytes.'
 'Anisopoikilocytosis with some microcytes, few target cells, acanthocytes with rouleaux.'
 'Anisopoikilocytosis with some microcytes with rouleaux.'
 'Hypochromic microcytic with fair number of nucleated RBC.'
 'Anisochromic anisocytic with some microcytes and rouleaux.'
 'Normochromic normocyitc.' 'Normochromic normocytic.'
 'Anisopoikilocytosis with many microcytic hypochromic RBC, some elongated cells, few target cells, acanthocytes, macrocytes occasional fragmented cells also seen.'
 'Normochromic normocytic with fair number of schistocyte, crenated cell and few target cell.'
 'Normochromic normocytic with few acanthocyte.'
 'Mild anisopoikilocytosis hypochromic microcytic red cells with few pencil form cells with realoux.'
 'Anisopoikilocytosis with many microcytes, good number of macrocytes, few elongated cells and rouleaux.'
 'Normocytic Normochromic with realoux.'
 'Anisopoikilocytosis with microcytic hypochromic red blood cells. Some elongated cells, acanthocytes, occasional fragmented cells with rouleaux.'
 'Normocytic normochromic'
 'Anisochromic anisocytosis including normocytic & macrocytes'
 'Gross anisopoikilocytosis, hypochromic microcytic red cells, few pencil form, many target cells, occasional fragmented cells.'
 'Normocytic normochromic.\nMild anisopoikilocytosis, hypochromic microcytic red cells, few pencil form.'
 'Anisopoikilocytosis with some microcytic hypochromic RBC, elongated cells, macrocytes with rouleaux.'
 'Anisocytic anisochromic including normocyte, target cell and few polychromatic macrocyte.'
 'Anisopoikilocytosis with some microcytic hypochromic RBC, elongated cells, few target cells also seen.'
 'Moderate anisopoikilocytosis hypochromic microcytic red cells,few pencil form & target cells with mild rouleaux.'
 'Anisopoikilocytosis with some microcytic hypochromic RBC and occasional target cells also seen with rouleaux.'
 'Anisopoikilocytosis with some microcytic hypochromic RBC, few elongated cells, occasional fragmented cells, macrocytes also seen.'
 'Anisochromic anisocytosis with some microcytes and rouleaux.'
 'Hypochromic microcytic with fair number of target cell.'
 'Anisopoikilocytosis with many microcytic hypochromic RBC, good number of elongated cells, target cells, fragmented cells, few acanthocytes, tear drop cells, pencil cells also seen.'
 'Anisopoikilocytosis with many microcytic hypochromic RBC and few target cells also seen.'
 'Anisopoikilocytosis with many microcytic hypochromic RBC, some elongated cells, pencil cells, target cells, occasional tear drop cells, fragmented cells, acanthocytes also seen with rouleaux.'
 'Anisopoikilocytosis with many microcytic hypochromic RBC, some fragmented cells, few elongated cells, nRBC, microsperocytes also seen.'
 'Hypochromic microcytosis with a fair number of elongated cells.'
 'Anisochromic anisocytic including normocyte, target cell, echynocyte, spherocyte, polychromatic macrocyte, schistocyte and occasional nRBC.'
 'Anisochromic and anisocytic with some microcytes with rouleaux.'
 'Normochromic normocytic with mild rouleaux.'
 'Anisochromic anisocytic including normocyte and macrocyte.'
 'Anisochromic and anisocytic with some target cells.'
 'Anisopoikilocytosis with many macrocytes.'
 'Moderate anisopoikilocytosis hypochromic microcytic red cells, few pencil form and target cells with mild rouleaux.'
 'Anisochromic anisocytosis with fair number of target cell.'
 'Normocytic normochromic with few target cell.'
 'Anisocytic anisochromic including normocyte, macrocyte and spherocyte.'
 'Moderate anisopoikilocytosis hypochromic microcytic red cells, few pencil form and target cells.'
 'Moderate anisopoikilocytosis hypochromic microcytic red cells, few pencil form, target cells with mild rouleaux.'
 'Macrocytic normochromic with few schistocytes and tear drop cell.'
 'Anisochromic anisocytosis with some microcytic RBC  with rouleaux.'
 'Moderate anisopoikilocytosis hypochromic microcytic red cells,few pencil form, target cells with mild rouleaux.'
 'Dimorphic blood picture with some target cells.'
 'Mild anisopoikilocytosis hypochromic microcytic red cells few pencil form and some target cells with mild rouleaux.'
 'Hypochromic microcytic with plenty target cell.'
 'Anisopoikilocytosis with microcytic hypochromic RBC, few elongated cells, occasional target cells also seen with rouleaux.'
 'Anisochromia with microcytosis and few target cells and elongated cells.'
 'Anisopoikilocytosis with some microcytic hypochromic RBC, some target cells, few elongated cells, teardrop cells also seen.'
 'Anisopoikilocytosis with some microcytic hypochromic RBC and few elongated cells.'
 'Anisopoikilocytosis with many microcytic hypochromic RBC, some target cells, few elongated cells & macrocytes with rouleaux.'
 'Gross anisopoikilocytosis hypochromic microcytic red cells, few pencil form cells, target cells with mild rouleaux.'
 'Moderate anisopoikilocytosis hypochromic microcytic red cells, few pencil form, some target cells with mild rouleaux.'
 'Gross anisopoikilocytosis hypochromic microcytic red cells, few pencil form and some target cells.'
 'Microcytic hypochromic anaemia mild with rouleaux.'
 'Normocytic normochromic with fair number of crenated cell.'
 'Hypochromic microcytic with fair number of target cells.'
 'Anisochromic anisocytosis including normocyte and microcyte.'
 'Normocytic normochromic with increased rouleaux'
 'Normocytic normochromic with fair number of acanthocyte, echinocyte and schistocyte.'
 'Anisochromic anisocytic including normocyte, schistiocyte, acanthocyte, echinocyte and few target cell.'
 'Normochromic normocytic with fair number of thick target cell and acanthocyte.'
 'Normocytic normochromic with rouleaux'
 'Normochromic normocytic with few nRBC.'
 'Hypochromic microcytic with fair number of target cell and occasional nRBC.'
 'Mild anisopoikilocytosis, hypochromic microcytic red cells and few pencil form.'
 'Anisopoikilocytosis with some microcytic hypochromic RBC, elongated cells, target cells few polychromatic cells, also seen rouleaux.'
 'Anisopoikilocytosis with some thick target cells & few macrocytes, acanthocytes also seen.'
 'Anisochromic anisocytosis including normocyte, spherocyte and polychromatic macrocyte.'
 'Anisopoikilocytosis with some macrocytes, few elongated cells, thick target cells & occasional acanthocytes also seen.'
 'Anisopoikilocytosis with many microcytic hypochromic RBC, few elongated cells, occasional fragmented and target cells also seen.'
 'Anisopoikilocytosis with few microcytes with rouleaux.'
 'Anisopoikilocytosis with many microcytic hypochromic RBC, some elongated cells, occasional fragmented cells & target cells also seen.'
 'Anisochromic and anisocytosis.'
 'Normocytic normochromic with fair number of spherocyte, schistocyte and target cell.'
 'Hypochromic microcytosis with some elongated and target cells.'
 'Hypochromic microcytosis with target cells and few fragmented cells.'
 'Hypochromic microcytic with fair number of elongated cells.'
 'Anisopoikilocytosis with some microcytes, few elongated cells & macrocytes with rouleaux.'
 'Anisopoikilocytosis with some macrocytes, few microcytes also seen with rouleaux.'
 'Microcytic hypochromic.'
 'Anisopoikilocytosis with some microcytes, few elongated cells , thick target cells & macrocytes and occasional acanthocytes also seen with rouleaux.'
 'Anisochromic anisocytosis few target cells with rouleaux.'
 'Microcytic hypochromic anaemia.'
 'Gross anisopoikilocytosis with mild rouleaux hypochromic microcytic red cells, some target cells few pencil form tear drop cells.'
 'Anisochromic anisocytosis with few target cell.'
 'Gross anisopoikilocytosis hypochromic microcytic red cells, few pencil form, target cells with rouleaux.'
 'Anisopoikilocytosis with many microcytes, few elongated cells & macrocytes also seen with rouleaux.'
 'Normocytic normochromic with few target cells.'
 'Anisochromic anisocytosis including spherocytes, polychromatic macrocyte, nRBC with marked agglutination.'
 'Anisopoikilocytosis with many microcytic hypochromic RBC, few polychromatic cells, occasional fragmented cells also seen with reduced enythrocytes distribution.'
 'Anisochromic anisocytosis with some microcytic hypochromic RBC and good number of target cells, few elongated cells, pencil cells also seen with rouleaux.'
 'Moderate anisopoikilocytosis hypochromic microcytic red cells, few pencil form and  target cells.'
 'Anisopoikilocytosis with many microcytic hypochromic RBC, some elongated cells, occasional acanthocytes also seen with rouleaux.'
 'Normocytic normochromic with some target cells.'
 'Anisopoikilocytosis with some microcytes, few elongated cells and macrocytes with rouleaux.'
 'Anisopoikilocytosis with many microcytic hypochromic RBC, some elongated cells, few target cells with rouleaux.'
 'Anisopoikilocytosis with some microcytes, macrocytes and rouleaux.'
 'Anisopoikilocytosis with many microcytic hypochromic RBC, some macrocytes, few target cells with rouleaux.'
 'Anisopoikilocytosis with some microcytic hypochromic RBC.'
 'Anisopoikilocytosis with some microcytic hypochromic RBC, few elongated cells, occasional acanthocytes also seen with rouleaux.'
 'Anisopoikilocytosis with many microcytic hypochromic RBC, some elongated cells, target cells, few fragmented cells, teardrop cells also seen with rouleaux.'
 'Anisopoikilocytosis with many microcytic hypochromic RBC, some elongated cells, acanthocytes, pencil cells, few macrocytes with rouleaux.'
 'Anisopoikilocytosis with some microcytes, few elongated cells and macrocytes, occasional thick target cells also seen with rouleaux.'
 'Anisopoikilocytosis with many microcytic hypochromic RBC, few elongated cells, target cells, occasional polychromatic cells with Rouleaux.']"
10664,Blood Film (PBF),13429.0,Comment,"['Non specific morphology.'
 'Moderate microcytic hypochromic anaemia with mild neutrophilia.'
 'Compatible with anaemia of chronic disease.' 'Non specific findings.'
 'Neutrophil leucocytosis.' 'Mild neutrophilia.' 'Normal blood film.'
 'Mild erythrocytosis.' 'Thrombocytopenia.' 'Mild thrombocytopenia.'
 'Microcytic hypochromic anaemia.' 'Leucocytosis.'
 'Microcytic hypochromic anaemia, moderate with leucocytosis.'
 'Microcytosis.' 'Moderate degree of normochromic normocytic anaemia.'
 'Bicytopenia.' 'Microcytic blood picture.'
 'Microcytic blood picture with neutrophil leucocytosis.'
 'Mild normocytic normochromic anaemia.' 'Normocytic anaemia.'
 'Hypochromic microcytic anaemia.'
 'Hypochromic microcytic anaemia, suggestive of iron deficiency anaemia.'
 'Microcytic hypochromic anaemia, moderate.'
 'Suggestive of recent viral infection.'
 'Hypochromic microcytic anaemia with neutrophil leucocytosis.'
 'Moderate microcytic hypochromic anaemia.' 'Combined deficiency anaemia.'
 'Eosinophilia.' 'Features are consistent with recent viral infection.'
 'Microcytic hypochromic anaemia, mild.'
 'Normocytic anaemia with neutrophilic leucocytosis.'
 'Normocytic normochromic anaemia.'
 'Dimorphic anaemia with neutrophil leucocytosis.' 'Neutrophilia.'
 'Compatible with polycythemia with neutrophil leucocytosis with thrombocytosis.'
 'Marked neutrophil leucocytosis with shift to left and erythrocytosis.'
 'Neutrophil leucocytosis, Mild.' 'Mild microcytic hypochromic anaemia.'
 'Microcytic hypochromic anemia, moderate.'
 'Normocytic normochromic anaemia, mild.'
 'Features are suggetive of microangiopathic hemolytic anemia with thrombocytopenia.'
 'Mild eosinophilia.'
 'Hypochromic microcytic anaemia with thrombocytosis.'
 'Compatible with anaemia of chronic disease with neutrophil leucocytosis.'
 'Normocytic normochromic anaemia, moderate.'
 'Microcytic hypochromic anaemia, mild.\nAdvice: Serum iron profile and Ferritin.'
 'Normochromic normocytic anaemia, mild.'
 'Mild normochromic normocytic anaemia with neutrophil leucocytosis.\nAdvice: Correlate clinically. Serum ferritin.'
 'Moderate microcytic hypochromic anaemia.\nAdvice: Serum ferritin and folate assay.'
 'Compatible with anaemia of chronic disease.\nAdvie: Serum ferritin.'
 'Compatible with anaemia of chronic disease and thrombocytopenia. \nAdvice: Serum ferritin.'
 'Non specific morphology'
 'Features are consistent with cold haemagglutinin disease with thrombocytopenia.'
 'Normochromic normocytic anaemia, severe with thrombocytopenia.'
 'Mild microcytosis.' 'Thrombocytosis.'
 'Severe microcytic hypochromic anaemia.'
 'Microcytic blood picture with eosinophilia.' 'Non specific findins.'
 'Mild neutrophil leucocytosis.'
 'Mild normocytic normochromic anaemia with neutrophil leucocytosis.'
 'Compatible with anaemia of chronic disease.\n\nAdvice: Serum ferritin'
 'Hypochromic microcytic anaemia with neutrophilic leucocytosis.'
 'Hypochromic microcytic anaemia suggestive of iron deficiency anaemia.'
 'Hypochromic microcytic anaemia with eosinophilia, suggestive of iron deficiency anaemia.'
 'Mild dimorphic anaemia with thrombocytosis.'
 'Compatible with anaemia of chronic disease with thrombocytopenia.'
 'Neutropenia.'
 'Mild normocytic normochromic anaemia with mild neutrophilia.'
 'Non specific  findings.' 'Leucopenia.'
 'Mild normochromic normocytic anaemia.'
 'Moderate normocytic normochromic anaemia.' 'Mild leucocytosis.'
 'See description please.' 'Mild monocytosis.'
 'Relative lymphocytosis and thrombocytopenia.'
 'Moderate combined deficiency anaemia.'
 'Microcytosis.\nAdvice : Correlate clinically.\n            Serum Ferritin'
 'Macrocytic anaemia.'
 'Moderate normocytic normochromic anaemia with neutrophil leucocytosis.'
 'Mild dimorphic anaemia with neutrophilia,'
 'Mild microcytic hypochromic anaemia with neutrophil leucocytosis.'
 'Neutrophil leucocytosis, mild.'
 'Mocrocytic hypochromic anaemia, moderate with thrombocytosis.'
 'Compatible with anaemia of chronic disease with neutrophil leucocytosis, mild.'
 'Marked neutrophil leucocytosis with mild shift to left.'
 'Mild microcytic hypochromic anaemia with neutrophilia.'
 'Combined deficiency anaemia with neutrophil leucocytosis.'
 'Dimorphic anaemia.'
 'Dimorphic anaemia with teardrop poikilocytosis and neutrophil leucocytosis.'
 'Normocytic anaemia with thrombocytopenia.'
 'Mild microcytic blood picture.' 'Mild leucopenia.'
 'Mild normochromic normocytic anaemia with mild neutrophillia.'
 'Dimorphic anaemia with thrombocytosis.'
 'Moderate microcytic hypochromic anaemia with mild lymphocytosis and thrombocytosis features are suggestive of hereditary hemolytic anaemia.'
 'Dimorphic anaemia with neutrophil leucocytosis and thrombocytopenia.'
 'Normocytic anaemia with neutrophil leucocytosis & Thrombocytosis.'
 'Normocytic normochromic anaemia with neutrophil leucocytosis.'
 'Microcytic hypochromic anaemia, Mild.'
 'Mild normocytic normochromic anaemia with thrombocytopenia.'
 'Mild relative lymphocytosis.'
 'Suggestive of acute lymphoblastic leukaemia.'
 'Macrocytic anaemia with thrombocytopenia.'
 'Microcytic hypochromic anaemia,severe.'
 'Normocytic normochromic anaemia with eosinophilia.'
 'Mild normocytic normochromic anaemia with relative lymphocytosis.'
 'Mild normocytic normochromic anaemia with neutrophilia.'
 'Normocytic normochromic anaemia with leucocytosis, mild.'
 'Neutrophil leucocytosis.\nNormocytic normochromic anaemia.'
 'Normocytic normochromic anaemia with neutrophil leucocytosis, mild with thrombocytopenia.'
 'Leucocytosis and eosinophilia.'
 'Normocytic normochromic anaemia with neutrophil leucocytosis, mild.'
 'Normocytic anaemia with features of active infection.'
 'Hypochromic microcytic anaemia with thrombocytopenia.'
 'Compatible septicemia with normocytic normochromic anaemia, moderate.'
 'Mild microcytic hypochromic anaemia.\n\nAdvice: Correlate clinically and serum ferritin.'
 'Compatible with anaemia of chronic disease.   Advice : Serum ferritin.'
 'Microcytic hypochromic anaemia with leucocytosis, mild.\nAdvice: Iron profile.'
 'Moderate normocytic normochromic anaemia with relative lymphocytosis.'
 'Normochromic normocytic anaemia, moderate.'
 'Leucopenia with thrombocytopenia.'
 'Normocytic normochromic anaemia. \nNeutrophil leucocytosis.'
 'Mild leucocytosis and microcytosis.'
 'Moderate microcytic hypochromic anaemia with neutrophil leucocytosis & thrombocytosis.'
 'Leucoerythroblastic blood picture with thrombocytopenia.'
 'Neutrophil leucocytosis with eosinophilia.'
 'Normocytic anaemia with significant dysplasia.'
 'Normocytic anaemia with increase rouleaux suggestive of anaemia of chronic disease.'
 'Mild dimorphic anaemia with neutrophilia and thrombocytopenia.'
 'Features are consistent with septicaemia.'
 'Normocytic anaemia with neutrophil leucocytosis and thrombocytopenia.'
 'Compatible with anaemia of chronic disease with relative lymphocytosis.'
 'Neutrophil leucocytosis,mild'
 'Moderate dimorphic anaemia with neutrophilia with thrombocytosis.'
 'compatible with anaemia of chronic disease.'
 'Mild microcytic hypochromic anaemia' 'Pancytopenia.' 'Dimorphic anaemia'
 'Microcytic hypochromic anaemia, severe.'
 'Mild combined deficiency anaemia.' 'Combined deficiency anemia.'
 'Moderate microcytic hypochromic anaemia with neutrophil leucocytosis and thrombocytosis.'
 'Hypochromic microcytic anaemia, suggestive of hereditary hemolytic anaemia.'
 'Moderate microcytic hypochromic anaemia.   Advice: Serum ferritin and HB electrophoresis.'
 'Compatible with anaemia of chronic disease.\nAdvice: S. ferritin.'
 'Moderate microcytic hypochromic anaemia.\n\nAdvice: Serum ferritin and reticulocyte count.'
 'Normocytic normochromic anaemia.\nLeucopenia.'
 'Moderate haemolytic anaemia with neutrophilia and thrombocytopenia.\nAdvice: Reticulocyte count and Hb electrophoresis.'
 'Compatible with anaemia of chronic disease.\nAdvice: Serum ferritin.'
 'Neutrophilic leucocytosis.' 'Acute Leukaemia.'
 'Features are consistent with microangiopathic hemolytic anaemia with active infection.'
 'Normocytic anaemia, suggestive of anaemia of chronic disease.'
 'Relative lymphocytosis.'
 'Normocytic anaemia with neutrophil leucocytosis.'
 'Leucopenia with some reactive lymphocytes.' 'Mild macrocytic anaemia.'
 'Microcytic hypochromic anaemia with eosinophilia, mild.'
 'Dimorphic anaemia with neutrophilia and thrombocytopenia.'
 'Neutrophil leucocytosis and normocytic normochromic anaemia.'
 'Dimorphic anaemia with thrombocytopenia.' 'Lymphocytosis, mild.'
 'Mild leucopenia with normocytic normochromic anaemia, moderate.'
 'Mild microcytic hypochromic anaemia with thrombocytosis.'
 'Mild normocytic normochromic anaemia with mild leucocytosis.'
 'Mild normochromic normocytic anaemia with neutrophil leucocytosis.'
 'Lymphocytosis.' 'Moderate dimorphic anaemia.'
 'Thrombocytopenia with some reactive lymphocytes.'
 'Normocytic anaemia with neutrophil leucocytosis having features of active infection.'
 'Compatible with anaemia of chronic disease with pancytopenia.'
 'Thrombocytopenia with normocytic normochromic  anaemia, mild.'
 'Mild leucocytosis with thrombocytosis.'
 'Leucocytosis with lymphocytosis.'
 'Normocytic anaemia with increase rouleaux.\nSuggestive of anaemia of chronic disease.'
 'Mild neutrophillia.' 'Normocytic anaemia with eosinophilia.'
 'Hypochromic microcytic anaemia with thrombocytosis.\nSuggestive of iron deficiency anaemia.'
 'Moderate dimorphic anaemia with neutrophilia & thrombocytopenia.'
 'Neutrophilic leucocytosis with thrombocytopenia.'
 'Dimorphic anaemia suggestive of immune hemolytic anemia.'
 'Moderate normocytic normochromic anaemia with mild leucocytosis.'
 'Severe microcytic hypochromic anaemia.\n\nAdvice: Serum ferritin and Hb electrophoresis.'
 'Mild microcytic hypochromic anaemia with mild eosinophilia.'
 'Suggestive of microangiopathic hemolytic anemia with thrombocytopenia.'
 'Microcytic hypochromic anaemia with marked neutrophil leucocytosis and shift to left.(leukemoid reaction)'
 'Anaemia of chronic disease.'
 'Moderate combined deficiency anaemia with neutrophil leucocytosis.'
 'Hypochromic microcytic anaemia. Suggestive of iron deficiency anaemia.'
 'Moderate dimorphic anaemia with neutrophil leucocytosis.'
 'Mild normocytic normochromic anaemia with mild neutrophillia.'
 'Normocytic anemia with neutrophil leucocytosis.'
 'Severe dimorphic anaemia with neutrophilia.'
 'Features are consistent with cold haemagglutinin disease and thrombocytopenia.'
 'Severe hemolytic anaemia with neutrophilia.'
 'Reactive lymphocytes seen.' 'Leucopenia with lymphocytosis.'
 'Combined deficiency anaemia.\nEosinophilia.'
 'Hypochromic microcytic anaemia with neutrophil leucocytosis and thrombocytosis.'
 'Lymphopenia.' 'Marked neutrophil leucocytosis with shift to left.'
 'Normal blood film'
 'Normocytic anaemia with increased rouleaux, suggestive of anaemia if chronic disease.'
 'Hypochromic microcytic anaemia suggestive of hereditary haemolytic anaemia.'
 'Moderate combined deficiency anaemia with mild leucocytosis.'
 'Mild combined deficiency anaemia with thrombocytopenia.'
 'Severe combined deficiency anaemia with neutrophil leucocytosis.']"
10666,PRP/Unit (more than 10ml),13441.0,Donor Name :,['Ahsan']
10690,PLC/Unit,13484.0,Donor Name :,['Bithi Khan']
10715,WRCC/Unit,13535.0,Donor Name :,['Md. Nurnobi']
10763,Platelet Apheresis,13685.0,Donor Name :,"['Mazharul Islam' 'Md Azim Uddin' 'Jehad Hossain' 'Ibrahim'
 'Md Shafiul Islam' 'Nure Ahmed Siddiqe' 'Md Shamim' 'Al-Amin Patwary'
 'Apon' 'Mosarof' 'Salahuddin Ahmed' 'Md Sakilar Rahman'
 'Hazrat Ali Sumon' 'Rasel' 'Taiyabur Rahman' 'Uzzal' 'Yousuf'
 'Shahabuddin' 'Fahim' 'Mohin Safa' 'Kazi Azim Rana'
 'Dr. Partha Pritom Saha' 'Nur Uddin Juel' 'Mahmudul Hassan'
 'Md Naim Islam' 'Abdul Baki' 'Md Murammal Haque' 'A.S.M Salahuddin'
 'Md.Masfiqur Rahman' 'Saidul Islam' 'Sujon' 'Rahul'
 'Tosbih Hasniam Athoy' 'Dr. Din Islam' 'Dr.Amranul Islam' 'Dhan Babu'
 'Shohag' 'Alhaj Khandokar' 'Tanjib Ahmed' 'Md. Atiqur Rahman'
 'Imran Khan' 'Ashraf' 'Alif Rahman']"
10782,Stock FFP,13724.0,Donor Name :,"['Habibur Rahman' 'Shoriful Alom' 'Md Tanimur Rhaman' 'Md Masud Rana'
 'Jahangir Hossain']"
10793,Grouping+ICT+Cross Matching + Screening,13775.0,Donor Name :,"['Martuza Sarwar' 'Sahedul Hasan' 'Rafsn' 'Abdullah' 'Md.Mohibullah'
 'Nzsiv Ahmed' 'Md. Moniruzzaman' 'Sujaun Rahman' 'Mr.Jewel'
 'Sakhwat Hossain' 'Tasmia Jebin Lubna' 'Salma Akter' 'Melki Sedekhasda'
 'Emon' 'Al Amin' 'Humaun Rashid' 'AFFEF ZUBAER ZAMAN'
 'Shamsur Alam Rifat' 'Md.Abu Shahadot' 'Shoinik' 'Mosarraf' 'Asraf'
 'Fahad  Ahmed' 'Md Solaiman' 'Rakib Alom Chowdhry' 'Jahidur Rahman'
 'Tahsin Rahat' 'Md. Jamal Uddin' 'Md Fakrul Islam' 'Sayeedur Rahaman'
 'Dr.Faruk' 'Sayem' 'Sanjida Ahmed' 'Md Hasnain' 'Rajob Ali'
 'Md. Mozammel.' 'Abdullah Al Mamun' 'SK. Jahiruddin' 'Md Farhan'
 'Wahiduzzaman' 'Shohel Samad' 'Md. Arafat hossain' 'Aman Ullah'
 'Pronob Majumder' 'Nurul Amin' 'Shihab Shahriar' 'Tanvir Rahman'
 'MD Bani Yameen' 'Dr. Ayrin Parvin' 'Ahidul Islam' 'Afroza'
 'Md.Ripon Rana' 'Md. Abu Ahsan Juel' 'Md Tariqul Hasan' 'Nasim Mustafa'
 'Md.Reaz Mahmud' 'Md Muminul Islam' 'Muntasir Rahman' 'Kazi Al Amin'
 'Sarwar Ahmed' 'Tahmina Haque' 'Dedarul Islam' 'Hasan Murtuza'
 'Alomgir Magomdar' 'Navid Karim' 'Md Asif' 'Md Ferdous' 'Hasan-Ar-Asif'
 'Amir Khosru Talha' 'Md.Iftekhar Bin Yousuf' 'Shamsul'
 'Istiaq Ahmed Rahat' 'Md. Shamsul Kabir' 'Md.Gias Uddin'
 'Md.Mahbubul Islam' 'Rumman Ahmed' 'Mosaddeque hossain' 'Md Rubel'
 'Md. Sabbir Hossain' 'Md. Ehtesamul Haque' 'Md. Ripon Hossain'
 'Mosarof Hossain' 'Hijbullah' 'Samiul' 'Mahbub Sobhan' 'Shahed Ahmed'
 'Md.Khorsed Alam' 'Md.Mazhzrul Alam' 'Sukkur Ali' 'Md Zahid' 'Md.Omar'
 'Biplop' 'Fahim' 'Jaber Ahmed Anik' 'Rabbi Reza' 'Mahfuz' 'Ruhul Amin'
 'Shagor' 'Md. Azmirul Karim' 'Md. Golam Shahriar' 'Md Riyad' 'DR Tuhin'
 'Md Ibne khalib' 'Rizaul Islam' 'Md Abdul Khaleq' 'Arifur Rahman'
 'Ripon Sikder' 'Joinal Abedin' 'Md Biddut Hossain' 'Mokhlesur Rahman'
 'Minhazur' 'Tonima Rahman' 'Kazi Saiful Haque' 'Md Sadikul Islam'
 'Nahid Sultana' 'Md Hamimul' 'Mainul Islam' 'Mahmudul Hasan'
 'Md Imran Bin Younus' 'Md Naeem' 'Tahmid Al Mamun' 'Md Abdul Hakim'
 'Md.Rakib Haider Badsha' 'Sazzad Hossain' 'Tony mondol'
 'Anowarul Haque Juyel' 'Jashim Uddin' 'Md Al Mamun' 'Hasin Ahmad Zahin'
 'Mir Shakib Ahmed' 'Rajib' 'Mashud Rahman' 'Dr.Tanvir Jaman' 'Md.Shiraj'
 'Shariar-Nazim Rasel' 'Mehedi Hasan' 'Masudur Rahman' 'Khaled Been Azvir'
 'Akteruzzaman' 'Mahmodul Hasan' 'Md.Ashiqul Haque' 'Tanvir Ahmed'
 'Kamol Mohanta' 'Md Abu Sahid' 'Ali Ashraf Siddique'
 'Abu Monsur Al Mamun' 'Abdur Razzak' 'MD.Anwarul Islam' 'Region Mahmud'
 'Md Nazrul Islam Bipu' 'Rahat Khan' 'Md Rasheduzzaman' 'Sabbir']"
10828,Semen Analysis,13967.0,Method of collection,['Masturbation' 'Coitus Interruptus' 'Coitus']
10828,Semen Analysis,13969.0,Marrital Status,['Married']
10828,Semen Analysis,13972.0,Quantity,['Adiquate' 'Adequate']
10828,Semen Analysis,13974.0,Reaction,['Alkaline']
10828,Semen Analysis,13979.0,Sperm viability,['Normozoospermia']
10828,Semen Analysis,13980.0,Opinion,"['Mild teratozoospermia' 'Normozoospermia' 'Mild teratoasthenozoospermia'
 'Oligozoospermia' 'Oligoasthenozoospermia with inflammation.'
 'Teratoasthenopyospermia' 'Oligoterato-asthenozoospermia' 'Pyospermia'
 'Normospermia' 'Teratozoospermia' 'Oligoospermia.']"
10909,RCC/Unit,14274.0,Donor Name :,"['Md Zillur Rahman' 'Shazia Afrin' 'MD Sultan' 'Md Rashed' 'Md. Sohel'
 'Md.Wazed Ali' 'Maksudur Rahman' 'Md Jahidul Islam' 'Ripon'
 'Md Saif Ahmed' 'Sohana Sarmin' 'Mainul Islam' 'Polash' 'Kobiul Islam'
 'Stock PRBC' 'Dr. Zakia Sultana' 'Jahirul Islam' 'Alam Hossain'
 'Anower Hossain Khan' 'Dr. Md Hasnat' 'Md Sohel Rana' 'Md Zillar Rahman'
 'Md Moazzam Hossain' 'Dr Selina' 'Nabil' 'Dr. mohiuddin' 'Azmol Huda'
 'Mizanur Rahman' 'Tausif Ahmed' 'Shoaibur Rahman Sarker' 'Jibon'
 'Md. Tanim Hossain' 'Omar Sharif' 'Md. Hanif' 'Jayed Khan' 'Mehedi Hasan'
 'Tareq Hasan Tuhin' 'Riazul Islam' 'Omar Faruk Siyam' 'Md Golam Mostafa'
 'Md Ashaduzzaman' 'S. M. Raduan Hossain' 'Bipu' 'Ahmed Fazle Rabbi'
 'Mamun' 'Obaid Elahi' 'Wasif Zamir' 'Asheq Mahmud' 'Hazi Md.Monir Hasan'
 'Tamanna Azim' 'Md. Jillur Rahman' 'Syed Shams Arefeen'
 'S.M.Naimur Rahman' 'S.M. Mushfiqur Rahman' 'Md. Sultan Alam'
 'Sajib Sheikh' 'Md Jahid' 'Sifat' 'Abdul Khalek' 'Yamin'
 'Md Abdus Salam Sabbir' 'Md Masud Rana' 'MD Atikur Rahman'
 'Tanvir Rahman' 'Mahmudul Hasan' 'Masud' 'Tanvir Hossain' 'Remon'
 'Saiham Kamal' 'Mohammad hasibul wahab' 'Syed Rubayat Ahsan'
 'Md. Al  Amin' 'Arman' 'Jabed Khan' 'Sirajul Islam' 'Md. Nazrul Islam'
 'Md Jarif' 'Tanjin Jahan Antora' 'Wafi Islam' 'Mahidul Amin'
 'Abdullah Mollah' 'ASM Khairuzzaman' 'Rifatuzzaman' 'Shariful Islam'
 'Al-Noor-Rashid']"
10965,Sputum for Gram Stain,14413.0,Gram stain,"['Moderate number of Gram negative bacilli seen and Gram positive cocci seen.'
 'Moderate number of Gram positive cocci and Gram negative bacilli seen.'
 'Few Gram negative bacilli seen.\nBudding yeast with pseudohyphae (+++).'
 'Moderate number of Gram positive cocci and few Gram negative bacilli seen.'
 'Moderate number of Gram negative bacilli and Gram positive cocci seen.'
 'Few Gram negative bacilli seen.\nBudding yeast (+).' 'Budding yeast (+)'
 'Few Gram positive cocci seen.\nBudding yeast with pseudohyphae (+).']"
10968,Urethral Discharge for Gram Stain,14453.0,Gram stain,['No Gram negative diplococci seen.']
10994,Complete Urine Analysis (Urine R/E),14490.0,Dead Sperm,['.']
10994,Complete Urine Analysis (Urine R/E),14494.0,Reaction(PH),['Acidic' 'Alkaline']
10994,Complete Urine Analysis (Urine R/E),14502.0,Epithelial Cells,['Few (Mature)']
10994,Complete Urine Analysis (Urine R/E),14507.0,Fungus,['----']
10994,Complete Urine Analysis (Urine R/E),14510.0,Leukocyte Esterase,['Ansent']
11013,BAL for fungus-(BAL for fungus),14550.0,BAL for fungul (GMS) stain,['No fungal element identified.']
11025,PGx of Clopidogrel,14564.0,PGx of Clopidogrel,['Intermediate metabolizer\n\n-----------------------------------\nNormal metabolizer']
11065,Urine for Gram Stain,14678.0,Gram Positive cocci,['(++) arranged in short chain and clusters']
11072,"Fresh W/B, PBRC (Same Donor within 5 Days without Grouping Cross Matching & Screening)",14694.0,Donor Name :,['Abdul Monim' 'Riaz Uddin' 'Dr Partha Pratim Saha' 'Tanif' 'Masoma Zaman']
11132,CCP (400ml),16227.0,Donor Name :,['Md. Zakir Hossain']
